distance,velocity,density,pressure,gamma,quality,speed_of_sound,enthalpy,total_enthalpy,mach_number,mass_flow,area,area_slope,perimeter,diameter,stress_wall,determinant_D,determinant_N1,determinant_N2,determinant_N3
0.0,8.125640963308797,706.4321826036822,12000000.0,0.0,,904.1817071568714,1374117.6131846104,1374150.6262051426,0.008986734523593979,20.237999999999936,0.003525652355491146,-0.0234764455701612,0.21048670779051615,0.067,76.2775464828053,-4054744.6096834396,1277906122828.9553,-219406667.96939173,1782819808.8751814
0.005636009830933972,8.44250461921017,706.4298659526713,11998118.712950055,5.6360098309339714e-09,,904.1693297373608,1374114.9882630466,1374150.6262051694,0.009337304796284687,20.237999997958095,0.0033933388774623303,-0.0234764455701612,0.20642014461788627,0.06570557273936099,82.59770234644769,-4212806.818890702,1488832420611.512,-246085843.30085638,2077580868.7897103
0.011500821831732552,8.799580616661242,706.4271499917074,11995912.97905458,1.150082183173255e-08,,904.1548179926409,1374111.9098956625,1374150.626205177,0.009732382598145779,20.23799999456124,0.0032556539377463535,-0.0234764455701612,0.20218849328790744,0.06435859628614594,90.02953845823691,-4390920.767571901,1756690588912.24,-278646555.0835575,2451972825.0127015
0.012657869746823812,8.873624410923055,706.4265728362083,11995444.227352533,1.2657869746823809e-08,,904.1517340583097,1374111.2556000808,1374150.6262051738,0.009814308900446997,20.23799999456114,0.003228490565345645,-0.0234764455701612,0.20135364583702947,0.06409285608907615,91.61172116639281,-4427853.705645558,1816473562089.368,-285739203.5668993,2535542371.9289494
0.013824732724610926,8.949569149921569,706.4259758781172,11994959.384967346,1.3824732724610923e-08,,904.1485442717685,1374110.5788111924,1374150.626205177,0.009898339389718147,20.237999994560973,0.0032010967701597893,-0.0234764455701612,0.20051171650132638,0.0638248616580537,93.24920047707133,-4465734.458487733,1879363203504.0625,-293137916.6215719,2623458055.2687006
0.014923593960119113,9.022286258838848,706.425399559465,11994491.298708113,1.492359396011911e-08,,904.1454647318718,1374109.9253805028,1374150.626205171,0.00997879944187349,20.237999994560923,0.0031752994141752214,-0.023476445570161635,0.19971885261957412,0.06357248524609391,94.83101957303687,-4502004.932325419,1941096793287.88,-300340824.1337451,2709760890.550223
0.015144439041108411,9.037043525999193,706.4252820359394,11994395.845232882,1.5144439041108406e-08,,904.1448367442339,1374109.7921273368,1374150.6262051822,0.00999512816833749,20.237999994560806,0.003170114756651938,-0.0234764455701612,0.19955950575891426,0.06352176356501352,95.15369915922896,-4509365.647788041,1953808380679.7356,-301816840.8423328,2727531927.571732
0.015365645792455073,9.051873436487966,706.4251637418704,11994299.76563635,1.5365645792455067e-08,,904.1442046376421,1374109.6579988264,1374150.6262051815,0.010011537307940525,20.237999994560838,0.003164921608394196,-0.0234764455701612,0.19939989794140725,0.06347095881878882,95.47853280393423,-4516762.582052264,1966645325693.5918,-303304986.2854522,2745478348.511632
0.015454353399419436,9.057834161092375,706.4251161405904,11994261.10333536,1.545435339941943e-08,,904.143950278869,1374109.6040253367,1374150.6262051817,0.01001813279655151,20.237999994560827,0.0031628390690876377,-0.0234764455701612,0.1993358925371524,0.06345058526584531,95.60925599707954,-4519735.696867423,1971822778206.6614,-303904505.7926771,2752716614.278806
0.015543119435766306,9.063806675571202,706.4250684139714,11994222.33918357,1.5543119435766298e-08,,904.1436952500875,1374109.5499094427,1374150.6262051687,0.010024741336125935,20.23799999456098,0.0031607551580668616,-0.0234764455701612,0.19927184497421038,0.06343019829337489,95.74032963777994,-4522714.68989815,1977020716389.716,-304506002.8250637,2759983541.1573153
0.015721473340474044,9.075830844721247,706.424972233595,11994144.220168743,1.5721473340474036e-08,,904.1431813063144,1374109.4408524234,1374150.6262051845,0.010038046000201431,20.237999994560763,0.0031565680423307645,-0.0234764455701612,0.19914315686997774,0.06338923559756339,96.00449273548296,-4528712.1425465215,1987516630149.8582,-305719373.1117491,2774657316.3164563
0.01575181046767348,9.077879272756757,706.4249558357675,11994130.901609464,1.5751810467673472e-08,,904.1430936837452,1374109.4222591377,1374150.626205183,0.010040312574606752,20.23799999456079,0.003155855834415312,-0.0234764455701612,0.19912126765261773,0.06338226804327687,96.04953252039347,-4529733.862913847,1989308862948.5552,-305926402.6629175,2777162949.7227364
0.015771425559062538,9.079204218196177,706.4249452275235,11994122.285429481,1.577142555906253e-08,,904.1430369980682,1374109.4102305523,1374150.62620517,0.010041778619830896,20.237999994560944,0.003155395341789963,-0.023476445570161635,0.19910711473048603,0.06337776302824397,96.07867050380081,-4530394.722563507,1990468743822.3796,-306060361.3772282,2778784524.0387764
0.015791043529401,9.08055465567727,706.4249344176025,11994113.504422532,1.579104352940099e-08,,904.1429792314727,1374109.3979687565,1374150.6262051838,0.01004327287194753,20.238055507950566,0.003154934781577115,-0.024429576980758167,0.1990929597310994,0.06337325735200026,96.10834841314978,-4531068.297128579,2071389950093.8384,-318627473.4300548,2893314187.281969
0.015814029946269726,9.082211673117342,706.4249211631578,11994102.734689403,1.5814029946269717e-08,,904.1429083921536,1374109.3829207434,1374150.626205181,0.010045106353008211,20.238285891128058,0.0031543951422126435,-0.025647858122739703,0.1990763742887185,0.0633679780417237,96.14469617263683,-4531894.788391584,2174877605523.8782,-334696441.22676647,3039783925.4605713
0.01604416458237453,9.10329293414591,706.4247529993992,11993965.92231261,1.6044164582374522e-08,,904.1420090802674,1374109.1912340585,1374150.626205181,0.010068432660712421,20.250513434626235,0.0031489923989543203,-0.03784500432801136,0.19891032471392997,0.0633151228204719,96.6034789110113,-4542409.744561315,3223894931374.9053,-497011412.2218988,4524440477.069491
0.016198910101318992,9.12208975991678,706.4246032769971,11993843.972587906,1.6198910101318984e-08,,904.141207943177,1374109.0199443744,1374150.6262051684,0.010089231283538709,20.268912670509234,0.003145359524201594,-0.046046523886834625,0.19879867082272934,0.06327958228307184,97.01003381849745,-4551785.247125298,3945395182829.0576,-607921264.2895775,5545512339.811616
0.016354006916672607,9.144694296247275,706.4244231521944,11993697.173373498,1.63540069166726e-08,,904.1402438528183,1374108.8134882941,1374150.62620518,0.010114243181211504,20.295612073832363,0.00314171840225784,-0.05426666217135884,0.19868676345982028,0.06324396106312113,97.49797569029364,-4563059.936859536,4684756940863.258,-720835294.9034593,6591818409.837387
0.01649841513043511,9.169161598527996,706.4242279359598,11993538.009294089,1.64984151304351e-08,,904.1391987785013,1374108.5894429742,1374150.6262051843,0.010141316304962334,20.327949504765385,0.00313832821068756,-0.06192030408426561,0.1985825682682703,0.06321079470355796,98.02592306149052,-4575263.701439139,5390303804144.665,-827800133.4824121,7590233195.183284
0.016643235889575274,9.197045635304361,706.4240050368976,11993356.219682897,1.6643235889575264e-08,,904.1380053295946,1374108.3333809692,1374150.6262051782,0.010172170156647346,20.36767268636954,0.0031349283340181763,-0.06959581092099656,0.19847807541190243,0.06317753359434049,98.62800692255614,-4589171.613289652,6116971949358.04,-937094466.3737273,8618500571.83036
0.016694345716847397,9.207693416781838,706.4239197875993,11993286.68131081,1.669434571684739e-08,,904.1375488491645,1374108.2353961545,1374150.626205183,0.01018395201980262,20.38344603909513,0.003133728456940122,-0.07230463409648932,0.19844119802034724,0.0631657951560318,98.85812468587154,-4594482.466848891,6378470854390.768,-976197214.9724321,8988524669.782427
0.016745515868980605,9.218778326407417,706.4238309557709,11993214.21498416,1.6745515868980597e-08,,904.1370731672256,1374108.133268267,1374150.6262051826,0.010196217586912675,20.400159328830213,0.00313252716364875,-0.07501665449236981,0.19840427710245587,0.06315404286286,99.09783887234859,-4600011.341392769,6643101920987.016,-1015641792.793448,9362976546.79781
0.01676961991268188,9.224147651306106,706.4237878962282,11993179.086414834,1.6769619912681873e-08,,904.1368425832947,1374108.0837552347,1374150.6262051812,0.010202158807013022,20.408352474564165,0.003131961286378776,-0.07629416990742773,0.19838688525620873,0.06314850686626054,99.21401107657304,-4602689.422914063,6768770941341.383,-1034328221.5450749,9540796235.444626
0.01679373808841756,9.229582235121308,706.4237442907265,11993143.511701446,1.6793738088417555e-08,,904.1366090733213,1374108.0336110669,1374150.6262051843,0.010208172241339727,20.409537961274534,0.0031302991341775476,-0.07647649115963577,0.1983289797933411,0.06313007498496573,99.33565310880576,-4605400.05195611,6800477337629.037,-1038573079.7446297,9585595646.686258
0.016817181866559564,9.234872119232913,706.4237018216978,11993108.864139868,1.6817181866559557e-08,,904.136381649073,1374107.984773653,1374150.6262051824,0.010214025568121968,20.40953796127458,0.0031285062362857224,-0.07647649115963577,0.19826614375473944,0.0631100736526702,99.45477746765067,-4608038.506626809,6816072054950.018,-1040359673.6882185,9607588544.517578
0.01705236261836545,9.28827608961631,706.4232717160438,11992757.970468579,1.7052362618365444e-08,,904.1340784020615,1374107.490168813,1374150.6262051715,0.010273118015894414,20.409537961274708,0.003110520437599323,-0.07647649115963577,0.19763579199533765,0.06290942645587926,100.66152031334128,-4634674.891943332,6975014720645.855,-1058511083.396785,9831743186.508215
0.01872091943032528,9.685661851680088,706.4199935172692,11990083.513754725,1.8720919430325275e-08,,904.1165231213765,1374103.7201824395,1374150.6262051922,0.010712846855448741,20.409537957594434,0.002982915067320127,-0.07647649115963533,0.19316358194411337,0.06148587778348405,109.87690084476162,-4832873.446641332,8246676222001.046,-1200250630.863803,11625221747.812498
0.02038199688805332,10.11654595510959,706.4162841121127,11987057.277286744,2.0381996888053312e-08,,904.096658080461,1374099.4539542047,1374150.6262052357,0.011189672989820142,20.40953795289771,0.0028558816918087186,-0.07647649115963577,0.18871141870396096,0.060068710209239484,120.33956604882738,-5047766.785507099,9814017766982.566,-1367646916.8295457,13835862884.470043
0.02197380031004784,10.567037178195552,706.4122336012005,11983752.787858417,2.197380031004783e-08,,904.0749656571853,1374094.7950678947,1374150.6262052574,0.011688231152948935,20.409537948173096,0.002734146151478677,-0.07647649115963577,0.18444492971635768,0.05871064458519108,131.80259383439116,-5272423.945354569,11681196848288.43,-1558581344.3733134,16469587011.234806
0.02349667552389649,11.037247703385106,706.4078178860967,11980150.411162082,2.349667552389648e-08,,904.0513166689686,1374089.715786857,1374150.62620529,0.012208651765535287,20.409537943470237,0.0026176819986495526,-0.07647649115963577,0.18036318806433999,0.0574113858645057,144.3399229331046,-5506898.176009995,13901914694897.156,-1776004312.881451,19602199523.552834
0.024953583769273893,11.528001714664585,706.403004534446,11976223.721263926,2.4953583769273882e-08,,904.0255372812895,1374084.178793576,1374150.6262053428,0.012751854056394452,20.40953793879052,0.002506262768101547,-0.07647649115963533,0.176458256777622,0.056168407631074974,158.04960991397968,-5751597.438624179,16542646298561.398,-2023554448.62899,23327539153.512146
0.026347465060220576,12.04019424139364,706.3977578889452,11971943.670333676,2.6347465060220565e-08,,903.9974363633871,1374078.1430666938,1374150.6262053791,0.013318836710233487,20.409537934133425,0.002399663617876882,-0.07647649115963577,0.17272225577669514,0.05497920157768742,173.03951852365964,-6006964.572944698,19682506791431.785,-2305385883.619604,27757293840.146957
0.027681125352977114,12.574760735131765,706.3920390834942,11967278.603853462,2.76811253529771e-08,,903.9668055704107,1374071.5639016584,1374150.6262054313,0.013910644348491298,20.409537929497688,0.0022976699582879295,-0.07647649115963577,0.16914766429534253,0.05384137377010452,189.42733760169878,-6273462.061098318,23415475538275.6,-2626224350.9822583,33024142850.378613
0.028957241396059676,13.132678474218173,706.3858057568024,11962194.02934501,2.8957241396059662e-08,,903.9334178042697,1374064.392583531,1374150.6262054846,0.014528369253256013,20.40953792488261,0.0022000770810004567,-0.07647649115963577,0.16572730788104756,0.052752640509162285,207.34145879581848,-6551572.655414695,27853182200903.367,-2991445565.763926,39285692788.303314
0.029278664367672184,13.281098900600277,706.3841019965158,11960804.298734412,2.927866436767217e-08,,903.9242917035925,1374062.4324114663,1374150.62620547,0.014692711571640456,20.409537924881935,0.0021754957799534286,-0.07647649115963533,0.16486580227690129,0.052478414758359786,212.24658801286841,-6625552.196804981,29133091685479.934,-3093998285.360593,41091697226.16171
0.029603758484632266,13.43466683205632,706.3823190010492,11959349.956480622,2.960375848463225e-08,,903.9147410964555,1374060.381069027,1374150.626205471,0.014862758865686788,20.40953792488089,0.0021506337225916817,-0.07647649115963577,0.1639944569519824,0.052201056927158075,217.38358732420377,-6702095.225839346,30503299360608.785,-3202546612.7238584,43025146756.07554
0.02982398454635469,13.540731117916227,706.3810755822267,11958335.744470954,2.982398454635467e-08,,903.9080806768242,1374058.9505058783,1374150.626205482,0.014980208062502616,20.40953792488069,0.0021337916061292452,-0.07647649115963533,0.16340418804431497,0.05201316849834063,220.96821925672774,-6754959.603162474,31477476857280.805,-3278980343.6713715,44399791174.58658
0.02994855108204012,13.601469241775938,706.3803591322579,11957751.36646738,2.99485510820401e-08,,903.9042429662713,1374058.1262227013,1374150.6262054688,0.015047466971878644,20.40953792488088,0.002124265194564112,-0.07647649115963577,0.16307031405875722,0.05190689310799801,223.03446871975248,-6785232.089639587,32045741867771.785,-3323292932.9821615,45201666609.36821
0.030047170362675943,13.649943637850507,706.379785041837,11957283.10752559,3.004717036267592e-08,,903.9011678037007,1374057.4657248198,1374150.626205478,0.015101146147445682,20.409538167587176,0.002116723138020397,-0.07649178134027171,0.16280598614679,0.05182275492042453,224.6905715197135,-6809391.947249453,32511233824110.543,-3359614811.2226872,45858552818.07745
0.030146142154046228,13.698978178780088,706.3792022426828,11956807.746818928,3.0146142154046206e-08,,903.89804598088,1374056.7952039083,1374150.6262054797,0.015155446169721955,20.409595337118127,0.002109154122692614,-0.07658074914151719,0.16254071340511214,0.051738315984213384,226.3721242138333,-6833830.743657932,33018775438713.75,-3399883071.4873614,46574924006.70919
0.03043839376526709,13.846188331181366,706.3774400490449,11955370.419759933,3.0438393765267064e-08,,903.8886065382065,1374054.7677398294,1374150.6262054807,0.015318467597695182,20.410265887320662,0.0020868037449306926,-0.07684346019181439,0.16175739540010317,0.05148897811919327,231.4584137483767,-6907198.769004573,34576921761786.0,-3522572608.0611963,48774203741.476036
0.030733822692928247,13.998771634031076,706.3755936940037,11953864.460144015,3.073382269292822e-08,,903.878716156215,1374052.6434018505,1374150.6262054814,0.015487444702273203,20.411718539383397,0.002064210377156113,-0.07710902739792735,0.16096556127720224,0.05123692948965623,236.79050076827266,-6983242.388716332,36247356576278.164,-3652607807.2576723,51132022562.47916
0.030920787646492476,14.097357290903856,706.3743900034079,11952882.69062385,3.092078764649245e-08,,903.8722682759061,1374051.2584641853,1374150.626205479,0.015596625525190526,20.41304815415373,0.002049911953537697,-0.07727709408236662,0.16046444166379542,0.05107741816254824,240.2681851227324,-7032373.688688981,37357210583357.33,-3738190509.1674623,52698607229.199524
0.031019337373747263,14.149967865304777,706.3737441989623,11952355.953955602,3.101933737374724e-08,,903.8688088369441,1374050.5154101753,1374150.62620547,0.015654891204302416,20.41387887348369,0.0020423752161925117,-0.07736568248140194,0.16020030017480613,0.05099333931525164,242.13452738733469,-7058592.363885855,37959448825649.09,-3784368223.874914,53548688758.310555
0.031118256054209183,14.203207191708541,706.3730882306147,11951820.929495702,3.111825605420916e-08,,903.8652949385946,1374049.7606582178,1374150.6262054832,0.015713853901950573,20.41397527917249,0.0020347310720137584,-0.07737541195326292,0.1598631136308664,0.050886009504827474,244.05282265038866,-7085124.086814006,38538240746518.36,-3827697859.444912,54365585764.95536
0.03123758424978753,14.267967543326302,706.3722869915749,11951167.422087852,3.1237584249787506e-08,,903.8610028359025,1374048.838756567,1374150.6262054758,0.015785577094885105,20.413975279172575,0.002025498003723244,-0.07737541195326271,0.15944567715436384,0.05075313534750298,246.4001133784038,-7117396.892834789,39245458203596.51,-3880281616.4057975,55363732161.843636
0.03230290877383383,14.873412699986423,706.3646199590646,11944914.23143409,3.23029087738338e-08,,903.8199309228976,1374040.017002855,1374150.626205527,0.016456168082948853,20.41397527568101,0.0019430680798112482,-0.07737541195326292,0.1557189358465422,0.049566876745973855,268.9078324234954,-7419094.112531764,46337793261590.39,-4395362407.809729,65374039057.360115
0.03336506137607317,15.530476418193391,706.3559388935619,11937834.463474812,3.3365061376073143e-08,,903.7734249603695,1374030.0283567035,1374150.6262055915,0.017184037491337394,20.41397527119122,0.0018608835846557492,-0.07737541195326271,0.15200329062423856,0.04838415013816304,294.4868106633651,-7746467.768210148,55078401123202.664,-5003814117.650481,77711617155.19397
0.03438351965121576,16.217452139307245,706.3464614291586,11930105.791961426,3.438351965121574e-08,,903.7226503173728,1374019.1233287258,1374150.626205671,0.01794516507206269,20.413975266666228,0.0017820799560593814,-0.07737541195326292,0.1484404978427014,0.047250077973375514,322.51522578162957,-8088691.924089716,65481895304495.48,-5697407337.698016,92397430817.25548
0.03535840960931396,16.934498777337506,706.3361315267716,11921682.713714449,3.535840960931394e-08,,903.6673062658493,1374007.237581336,1374150.6262057559,0.018739749308088343,20.41397526215504,0.0017066474439424342,-0.07737541195326292,0.14503011669083832,0.04616451993708263,353.17413880701366,-8445836.12352274,77844454733747.22,-6486754038.931231,109849928341.17009
0.03629156132363988,17.682876759401445,706.3248734332683,11912503.694039859,3.6291561323639855e-08,,903.6069863680684,1373994.284140594,1374150.626205838,0.019569212086855907,20.413975257659143,0.001634444445631573,-0.07737541195326292,0.14176574516671878,0.045125438208778526,386.7042957615641,-8818517.357942006,92532930550957.12,-7384964898.1647835,130587424166.75354
0.037184797884996824,18.463955605048714,706.3126038232094,11902501.079047615,3.71847978849968e-08,,903.5412435007161,1373980.167377645,1374150.6262059375,0.02043509993358049,20.41397525317819,0.0015653298987248633,-0.07737541195326271,0.13864100569463583,0.04413080274306581,423.37060723328005,-9207405.350306801,109983747401386.17,-8407005658.53102,155226579250.5101
0.0380398622353988,19.27916736001123,706.2992318310593,11891601.133516798,3.803986223539878e-08,,903.469590004853,1373964.783058984,1374150.6262060315,0.02133903296059768,20.413975248711473,0.0014991689423659615,-0.07737541195326271,0.13564980107711197,0.04317867274170936,463.46220731812775,-9613199.12655568,130715107876734.97,-9569898057.425907,184499666267.36038
0.03885841804158496,20.130006997933293,706.2846584017826,11879723.52512908,3.885841804158495e-08,,903.3914941801306,1373948.01761528,1374150.6262061486,0.022282705922754123,20.413975244258342,0.0014358328496555718,-0.07737541195326292,0.132786311439152,0.042267195680961864,507.29453165047056,-10036626.95575873,155342239123377.7,-10892998656.970144,219276139193.28693
0.03964205501276995,21.01803692625603,706.2687755153156,11866780.708579365,3.9642055012769934e-08,,903.3063760979687,1373929.7472681494,1374150.6262062662,0.023267893908872957,20.41397523981845,0.0013751986161883265,-0.07737541195326271,0.13004497562557382,0.041394601390150235,555.211779115714,-10478448.297200248,184595589177168.1,-12398321523.881182,260588379612.52957
0.04039229000542133,21.94488738454528,706.2514654146884,11852677.315891545,4.039229000542132e-08,,903.2136034285057,1373909.837165237,1374150.626206397,0.02429645357559358,20.41397523539121,0.001317148874570173,-0.07737541195326292,0.12742048733625175,0.04055920082148543,607.5893671886924,-10939453.661911914,219342288488351.44,-14110898043.99589,309662068470.29
0.04111057354146889,22.912263293642116,706.2325996447645,11837309.396199044,4.111057354146888e-08,,903.1124862454147,1373888.1403019365,1374150.6262065552,0.025370331650376342,20.41397523097598,0.0012615713900692466,-0.07737541195326292,0.124907772323976,0.03975937879191564,664.8369620153723,-11420467.636273898,260611847326213.03,-16059197359.952665,367952558195.79785
0.041798289872426245,23.92194381255056,706.2120381432965,11820563.702702451,4.179828987242623e-08,,903.0022721025429,1373864.4965088186,1374150.626206704,0.02649156547175779,20.413975226572582,0.0012083590556544346,-0.07737541195326292,0.1225019881701411,0.03899359391172569,727.4013519519284,-11922348.22398231,309626367939077.8,-18275590299.74454,437187644291.6829
0.041927749828575486,24.12205166522851,706.2078574311977,11817159.305942735,4.192774982857547e-08,,902.9798615454528,1373859.6895184435,1374150.6262067135,0.026713831274092367,20.41397522657235,0.0011983420382159359,-0.07737541195326292,0.12204910854951842,0.03884943785123032,740.1423576221198,-12021794.454950348,320106932583802.75,-18737733167.627663,451992567558.7804
0.0420582987424854,24.327263004054682,706.2035337879702,11813638.682487486,4.205829874248538e-08,,902.9566844488891,1373854.7183440651,1374150.6262066993,0.026941782948207083,20.413975226572372,0.001188240762222105,-0.07737541195326292,0.121592419513288,0.038704069216086434,753.3256563851983,-12123769.527849033,331128647759575.94,-19219678237.842,467562167345.2886
0.042103997633616434,24.399925418934295,706.2019940328413,11812384.942583542,4.210399763361641e-08,,902.9484304290484,1373852.9480264795,1374150.6262067042,0.02702250161433952,20.41397522657229,0.0011847047916950341,-0.07737541195326292,0.1214325546632301,0.03865318265385971,758.0221654626984,-12159875.641038725,335098636326768.44,-19392286735.56693,473170350050.4218
0.042129338133360214,24.440404927363723,706.201134251025,11811684.877629086,4.212933813336019e-08,,902.9438214576389,1373851.9595101965,1374150.6262067033,0.027067470142172437,20.413975226572337,0.0011827440600882576,-0.07737541195326292,0.12134390797855857,0.03862496553775135,760.6450070367152,-12179989.585337192,337325689094394.06,-19488891411.37615,476316397679.45416
0.04214419575298923,24.464201381975663,706.2006281482508,11811272.793827258,4.2144195752989204e-08,,902.9411084216224,1373851.3776320864,1374150.6262067154,0.027093905852553415,20.41397522657223,0.0011815944456488175,-0.07737541195326292,0.12129193273199516,0.03860842130293338,762.1890402813835,-12191813.715590628,338640059894199.44,-19545831135.738712,478173149082.80194
0.04215748538959065,24.485498550166724,706.2001747785804,11810903.649429457,4.2157485389590624e-08,,902.9386780666015,1373850.8563870755,1374150.6262067007,0.027117565284273552,20.413952513437547,0.0011805661545420732,-0.07706349412773833,0.12124544263759617,0.03859362304627656,763.5723402964368,-12202395.898102984,338453984543203.94,-19517906932.427464,477905681896.24164
0.04217078653902833,24.50672721799888,706.199722462021,11810535.367171858,4.21707865390283e-08,,902.9362533619508,1373850.3363672444,1374150.626206713,0.02714114880951083,20.413826422643023,0.001179536972624881,-0.07659142654168369,0.12119891226874423,0.03857881196986321,764.9528195825033,-12212943.96206615,337555601259979.94,-19448927606.385464,476629563532.2963
0.0423044220789513,24.71472930016232,706.1952691171117,11806909.659780052,4.230442207895127e-08,,902.9123809204912,1373845.217284527,1374150.626206717,0.027372234363390188,20.40648973407967,0.0011691968676717447,-0.07184860284527197,0.12073142553058824,0.038430006319448345,778.56752118384,-12316291.33333914,327708963588008.5,-18719466076.56605,462646536725.90155
0.04268707710433929,25.253705216306454,706.1835466754748,11797368.468575375,4.2687077104339264e-08,,902.8495459800449,1373831.7513931412,1374150.6262067172,0.027971111386995835,20.323142631961982,0.0011395887774463625,-0.058267894277720104,0.11939281343861975,0.03800391285680961,814.648785025352,-12584048.358434558,291082799304570.1,-16261792402.722366,410670511627.1225
0.043077083406321354,25.707583231351997,706.173465218709,11789167.229077747,4.307708340632133e-08,,902.7955155212612,1373820.1862888965,1374150.6262066949,0.028475532708543423,20.140277824157497,0.0011094118791661319,-0.044426283491721605,0.11802848495175942,0.03756963361143979,846.1039440683545,-12809487.283615014,240742453056404.9,-13197599766.330683,339278394447.01764
0.04311217915065937,25.743303776634455,706.1726633252027,11788515.141542539,4.311217915065934e-08,,902.7912184489128,1373819.2673620326,1374150.6262067007,0.028515235029494497,20.11887319568953,0.0011066963314901716,-0.043180709687137046,0.11790571225930657,0.03753055384967865,848.6320615203527,-12827227.816314587,235576906918077.5,-12894788992.619934,331954470172.6172
0.04314732290018604,25.778188684648313,706.1718789511779,11787877.34755211,4.314732290018601e-08,,902.7870153769089,1373818.36870077,1374150.6262067007,0.028554009135683074,20.096613036176517,0.001103977069392963,-0.041933432143065115,0.11778277163406373,0.037491420633250234,851.109964494914,-12844553.09123469,230301357348253.4,-12587185754.858109,324474849397.4497
0.04318741340897238,25.817495816707748,706.1709937665859,11787157.614451194,4.3187413408972346e-08,,902.7822721787339,1373817.354661581,1374150.626206704,0.028597699148877803,20.095728600406456,0.0011022491350270557,-0.04188467573783858,0.11768078922675398,0.03745895862478672,853.8519335509177,-12864074.342150798,231449412195978.7,-12630659575.373653,326092000749.469
0.04322424094969151,25.853705868649644,706.1701771299035,11786493.622672454,4.3224240949691475e-08,,902.777896274841,1373816.4191531278,1374150.626206699,0.028637947357074815,20.095728600406495,0.0011007066254258128,-0.04188467573783858,0.11758835435128731,0.037429535690097514,856.3800184495268,-12882057.217318732,232748793523611.44,-12683835302.18781,327924147189.1585
0.043595388118277366,26.22438368417833,706.1617513057932,11779643.063596053,4.359538811827733e-08,,902.7327460934406,1373806.767056897,1374150.6262067046,0.02904999713111535,20.095728600402847,0.0010851612466185774,-0.04188467573783858,0.11665679765110763,0.03713301198288957,882.4819938085215,-13066131.20190459,246367070638924.8,-13236786629.748966,347126571324.1387
0.04465432714857475,27.342930581518736,706.1355964108071,11758381.739121448,4.465432714857472e-08,,902.5925840249532,1373776.80828047,1374150.626206863,0.030293768268721794,20.095728596875272,0.0010408079287084304,-0.04188467573783858,0.11399892543154064,0.03628698497918814,963.7035656756292,-13621424.55324345,291096753210092.6,-15002160367.461584,410203029500.31366
0.04569948348303025,28.54464420792129,706.1062751681796,11734553.31124685,4.5699483483030216e-08,,902.4354364122878,1373743.2278506057,1374150.6262070842,0.03163067744924009,20.095728592624425,0.000997031894544414,-0.04188467573783847,0.1113756469358244,0.03545196949978832,1055.0823807570407,-14217722.952931704,345655817453053.44,-17066270648.873415,487150623628.1816
0.04670169606385771,29.80061254016924,706.0742764731123,11708557.377287213,4.670169606385768e-08,,902.2639184863501,1373706.5879534427,1374150.6262073275,0.03302870914993824,20.09572858834665,0.0009550545455760735,-0.04188467573783847,0.10886015463601392,0.034651263432139444,1155.1532102160913,-14840616.472408965,410515173239873.5,-19416970659.337505,578637619322.7515
0.04766150772169513,31.11167802561704,706.0393966658946,11680230.917419598,4.7661507721695105e-08,,902.0769334794417,1373666.657952822,1374150.6262076069,0.034488940877375925,20.095728584076088,0.000914853145518156,-0.04188467573783847,0.10645108606039798,0.03388443308802619,1264.600408856196,-15490463.431181636,487528158661504.06,-22090832440.818764,687282866216.6093
0.048580680231932995,32.48019913081391,706.0013768075155,11649366.539660597,4.858068023193297e-08,,901.8730872703471,1373623.1445401022,1374150.626207891,0.03601415719047572,20.095728579814555,0.0008763539029797081,-0.04188467573783847,0.10414401926046639,0.03315007091752156,1384.2847429643743,-16168365.756555254,578964466982257.1,-25132050139.123936,816293993084.3447
0.04946095400755488,33.90871413187095,705.9599322669259,11615736.644826028,4.946095400755485e-08,,901.6508467228202,1373575.725761168,1374150.6262082064,0.03760736681512256,20.095728575561484,0.0008394839213272627,-0.04188467573783847,0.10193458590604398,0.03244678643794469,1515.1516352072006,-16875504.417874712,687522041146446.9,-28591018076.410675,969484658692.1643
0.05030399331445844,35.39987628377657,705.9147522035133,11579093.14258025,5.030399331445841e-08,,901.4085366487802,1373524.0505880876,1374150.626208541,0.03927173400796134,20.095728571316943,0.0008041734933233552,-0.04188467573783847,0.09981860879148553,0.03177325000344209,1658.2329106686936,-17613105.80563461,816403039217023.6,-32525037166.13181,1151382291806.301
0.05111139289512084,36.956465786724856,705.8654968686382,11539165.423010327,5.111139289512081e-08,,901.144325028569,1373467.7360271842,1374150.6262089068,0.04101059592818634,20.0957285670805,0.0007703558236964439,-0.04188467573783858,0.09779208521068035,0.03112818751308722,1814.6553133805255,-18382445.984442357,969408673693142.1,-36999280006.13491,1367362625680.1782
0.05188467745566462,38.581390227117545,705.8117950004184,11495658.436116245,5.188467745566459e-08,,900.8562086682767,1373406.3643733773,1374150.6262093058,0.04282746775331868,20.09572856285201,0.0007379670506249905,-0.04188467573783847,0.0958511882444856,0.030510380820683306,1985.6486524819384,-19184848.998699754,1151050769147062.5,-42087857028.612,1623808035844.0117
0.05203030610145295,38.903541542464396,705.8008707938203,11486811.340464016,5.2030306101452916e-08,,900.7975923873395,1373393.8834370326,1374150.6262093056,0.04318788357255736,20.09572856285184,0.0007318674420180059,-0.04188467573783858,0.09548566924769761,0.030394032510417706,2020.4844295803239,-19343841.224281587,1189890488508757.5,-43148978161.27453,1678648064412.0325
0.052177151725415837,39.23388407390373,705.7895733937504,11477663.163560873,5.21771517254158e-08,,900.7369712701245,1373380.977379555,1374150.6262093175,0.0435575371338208,20.0957285628516,0.0007257168606747998,-0.04188467573783858,0.09511709571010088,0.030276711909614937,2056.5274723858593,-19506844.827103283,1230728158227032.2,-44255395900.67266,1736311072411.706
0.05233867713687617,39.60379704221581,705.7768079997627,11467327.678132886,5.233867713687613e-08,,900.6684700811039,1373366.3958392406,1374150.6262093212,0.04397155930044886,20.095728562851324,0.0007189514211923628,-0.04188467573783847,0.09471167680344865,0.030147663063581707,2097.2744005480677,-19689336.091437053,1277693001718975.0,-45516547370.82366,1802628104136.5017
0.0523846017422302,39.71024825266429,705.7731119904311,11464335.488984954,5.238460174223016e-08,,900.6486361153443,1373362.1743011747,1374150.6262093189,0.044090721575887316,20.09572856285132,0.0007170278839887212,-0.04188467573783847,0.09459640885196823,0.030110972135065334,2109.0759509079558,-19741844.79926086,1291453382038250.5,-45883848773.889786,1822059025598.8696
0.052430649149000634,39.81756079952896,705.7693759105885,11461310.987811387,5.24306491490006e-08,,900.6285868557468,1373357.9071353097,1374150.6262093217,0.044210856040600585,20.095728562851285,0.000715099203287573,-0.04188467573783847,0.09448083267644103,0.030074183095787715,2121.007219893683,-19794774.97731268,1305437077641165.0,-46256110927.38634,1841805509200.9612
0.05244820425023597,39.85862562687309,705.7679435409559,11460151.463301433,5.244820425023593e-08,,900.6209001323703,1373356.2711908713,1374150.6262093028,0.044256829506193786,20.09572856285151,0.0007143639135647861,-0.04188467573783847,0.09443677044570808,0.030060157652138108,2125.581998646397,-19815028.634848338,1310818026148045.5,-46399092230.17925,1849404046629.4712
0.05246577730544685,39.89962604363536,705.7665118852442,11458992.546325173,5.246577730544681e-08,,900.6132172356153,1373354.6361301076,1374150.6262093186,0.04430273204973069,20.09563234560805,0.0007136278718455554,-0.04146974081509019,0.09439266315159428,0.03004611786436887,2130.1556077834484,-19835250.02174885,1303229692267427.8,-46081293742.37355,1838626387927.619
0.05248457626095351,39.94309590000319,705.7649922682793,11457762.473076317,5.2484576260953474e-08,,900.6050623443292,1373352.9007542657,1374150.6262093042,0.044351400597314995,20.095286007552144,0.0007128404836899488,-0.04099193071911624,0.09434547892269303,0.03003109865783764,2135.0126725911887,-19856688.782657135,1293910917719807.0,-45699890772.26745,1825395119736.3496
0.05267364917125884,40.35712211721684,705.7504284912543,11445976.33773149,5.2673649171258815e-08,,900.5269100689627,1373336.2775565183,1374150.6262093103,0.04481500959713272,20.077605998767847,0.0007049212261510004,-0.036186294289632166,0.09387091747827057,0.029880041058476314,2181.70680083238,-20060852.389203,1191935161781324.5,-41644006606.56424,1680632260071.2979
0.053035023782573805,41.02435295039522,705.7266026563708,11426707.898027692,5.3035023782573775e-08,,900.3990759379683,1373309.127441785,1374150.6262092844,0.04556241120933973,19.970644472551168,0.0006897851677361859,-0.027001292620057654,0.0929638892993195,0.029591325022068904,2258.889026552492,-20389764.68916367,956186480685944.6,-32812236079.86537,1346100754032.0894
0.05339945166876858,41.51826000295795,705.708651655611,11412209.225951644,5.339945166876855e-08,,900.3028039440684,1373288.7432523796,1374150.6262092162,0.046115884368096764,19.76333377597768,0.0006745212238930918,-0.017738686342990796,0.09204919758710581,0.02930016960726091,2318.32698992955,-20633145.51712753,668032568337378.1,-22577113483.399704,937362467720.0765
0.053442743143067385,41.56424778043752,705.706963485891,11410847.325238874,5.344274314306736e-08,,900.2937545345574,1373286.832862424,1374150.6262092008,0.04616742876543202,19.731990784657512,0.0006727079745298734,-0.01663835374832959,0.09194053863357704,0.029265582388130318,2324.0363198869245,-20655802.57095442,630771439067745.2,-21280741073.027584,884517994910.6523
0.05345915696274165,41.581031529084065,705.7063465260908,11410349.705146296,5.3459156962741624e-08,,900.2904476196325,1373286.1351176861,1374150.6262091976,0.04618624093927053,19.727005910390538,0.0006722671537284577,-0.016467832988005006,0.09191211733518084,0.029256535607872627,2326.0614666602837,-20664071.327481315,625537672342474.5,-21093448938.96786,877087365388.3477
0.05347557734409275,41.597799875513935,705.7057298609237,11409852.331131974,5.347557734409272e-08,,900.2871422925854,1373285.4377319554,1374150.626209197,0.04620503606170021,19.727005910390606,0.0006719967456307685,-0.016467832988005006,0.09189252052419815,0.029250297749199163,2328.0381401784193,-20672332.40695078,626544020601299.2,-21118923331.964268,878500746349.3716
0.05364014365445354,41.76660435790686,705.6995080007277,11404834.243388705,5.3640143654453513e-08,,900.2537926568764,1373278.4015894046,1374150.6262091994,0.04639425537396855,19.727005910390545,0.0006692866951162948,-0.0164678329880049,0.09169611979456206,0.029187781455302285,2347.985160733691,-20755490.58875804,636742404327610.2,-21376509988.413364,892824235238.9052
0.05527877301902766,43.52541301418961,705.6331667320547,11351348.92952376,5.527877301902763e-08,,899.8981482023767,1373203.3954205737,1374150.6262096015,0.04836704364947893,19.727005907237626,0.0006423020204112475,-0.0164678329880049,0.08974050687415379,0.02856529052918758,2561.029467331162,-21621394.75620671,750547670285983.1,-24185580091.827976,1052687362484.5746
0.05691400962240755,45.434929563250726,705.5580071403525,11290800.114107583,5.691400962240752e-08,,899.4951203316976,1373118.4597979423,1374150.626210151,0.05051159093169527,19.727005903172106,0.000615373217130915,-0.016467832988005006,0.08778894302534812,0.027944088462593844,2803.106417880471,-22560349.58120046,890643424892334.5,-27501711210.43891,1249538311715.155
0.05848322192820484,47.432043473038,705.4759012042216,11224711.811067736,5.848322192820481e-08,,899.0547126409605,1373025.7268367442,1374150.6262107582,0.052757682937567885,19.72700589906664,0.0005895316909563231,-0.016467832988005006,0.08591617549998498,0.027347968044746804,3068.304601907029,-23541043.639375046,1057195414331785.6,-31279170504.476536,1483634975168.899
0.05998647506908985,49.51737468967752,705.3863412589961,11152691.7015713,5.998647506908983e-08,,898.5741678286806,1372924.6410133382,1374150.6262114171,0.05510660829403939,19.72700589496587,0.0005647763692935349,-0.016467832988005006,0.08412212656584843,0.026776904532713648,3358.3402499000968,-24563534.46414624,1254892118391059.5,-35575289849.9703,1761594957194.8606
0.060269639871795615,49.93091179314267,705.3681153503468,11138043.99560632,6.02696398717956e-08,,898.4763548940103,1372904.0782351617,1374150.626211409,0.05557287236460755,19.72700589496578,0.0005601132586144949,-0.016467832988005006,0.08378418513824551,0.026669334435356573,3417.4503244302045,-24766111.25020897,1297166031266293.5,-36471254597.184814,1821042996277.2837
0.060555159349459875,50.354952208891795,705.349266327818,11122898.636446167,6.055515934945985e-08,,898.3751909553222,1372882.8156054234,1374150.6262114034,0.05605113845067883,19.72700589496575,0.0005554113715414975,-0.0164678329880049,0.08344343353716971,0.02656086983200119,3478.609662816543,-24973766.22884681,1341610071923139.0,-37405393930.33653,1883546823716.867
0.060833489146691885,50.77531695640641,705.330420493965,11107759.024368975,6.083348914669187e-08,,898.2740370876912,1372861.559805397,1374150.6262114088,0.05652541970491086,19.727005894965657,0.0005508278829250955,-0.016467832988005006,0.08311126241942399,0.02645513648131801,3539.7865444514046,-25179553.66313974,1386782807324257.8,-38346970374.54329,1947079575085.3618
0.061114131454058196,51.20635293345533,705.310930521597,11092105.305425093,6.111413145405818e-08,,898.1694184510933,1372839.5809210462,1374150.626211419,0.0570119087574385,19.727005894965338,0.0005462063122780187,-0.0164678329880049,0.08277633144957566,0.026348524642426163,3603.0827430480003,-25390494.686869804,1434273157544663.2,-39328641254.48325,2013876284470.3208
0.06115302681821147,51.266671048659425,705.308189753123,11089904.282275125,6.115302681821145e-08,,898.1547059007427,1372836.4904312142,1374150.62621142,0.057080000485267214,19.727005894965266,0.000545565789917135,-0.016467832988005006,0.08272991199785182,0.026333748872031233,3611.9859953236073,-25420007.529386118,1441014514684117.2,-39467329086.52556,2023358577448.094
0.06119196744505419,51.32720211792398,705.3054360026376,11087692.90175677,6.119196744505417e-08,,898.1399235129829,1372833.3853727935,1374150.6262114206,0.0571483359933081,19.72700589496535,0.0005449245221778409,-0.016467832988005006,0.082683438527628,0.02631895590701372,3620.93197015111,-25449623.148848,1447803453852616.8,-39606832310.8527,2032907887269.8586
0.06122305930350118,51.37554266124249,705.3032343996833,11085924.983756209,6.122305930350116e-08,,898.1281050451736,1372830.903019536,1374150.6262114046,0.05720291166999882,19.72697032303484,0.0005444125066456491,-0.01636124914356743,0.08264633212552575,0.026307144572383864,3628.0850870705567,-25473273.367447127,1443930392753749.8,-39461490722.04698,2027355500066.7495
0.061254179944678924,51.423525747908684,705.3010466698523,11084168.329764675,6.125417994467891e-08,,898.116361213842,1372828.4367112452,1374150.626211418,0.057257086017682195,19.726745908626405,0.0005439000171242544,-0.016176615497990914,0.08260919137283675,0.026295322303622647,3635.196040477466,-25496747.781706173,1433130064717363.5,-39125701802.10685,2011981534025.6384
0.06156691441153376,51.88004776221147,705.280107999246,11067362.704300147,6.156691441153374e-08,,898.0039729736119,1372804.8565335115,1374150.6262114162,0.0577726260947578,19.71284248368234,0.0005387499581544962,-0.014321213342775927,0.08223596019728212,0.026176519130611614,3703.434432645818,-25720042.293441154,1316813631764404.2,-35591016850.824455,1846463654126.4458
0.061718632305779134,52.08426689157766,705.2706661824659,11059789.444295531,6.171863230577912e-08,,897.9533026829045,1372794.2407825894,1374150.626211406,0.05800331346403016,19.698397233289416,0.0005362514932107716,-0.013421096029840986,0.08205489333697934,0.026118883758916977,3734.3305646471813,-25819902.65037548,1255354939061677.0,-33773012882.6879,1759042616714.607
0.06187092244602157,52.27756772524307,705.2616840332789,11052588.22118681,6.187092244602155e-08,,897.9051059469315,1372784.1541677746,1374150.6262114083,0.05822170670263769,19.67878801574105,0.0005337436046155393,-0.01251758367552488,0.08187314353293729,0.026061030999478426,3763.812985380907,-25914408.175336536,1190433894254762.0,-31882086316.481686,1666717926631.9163
0.06203671404025784,52.474393363590316,705.2524905864175,11045221.532400511,6.203671404025782e-08,,897.8557840218306,1372773.8452319652,1374150.6262114036,0.05844412242747712,19.651581927997466,0.0005310133763308414,-0.011533969415299213,0.08167528049521014,0.025998049238459518,3794.0990714636023,-26010620.81801742,1116159509767706.8,-29750040173.44819,1561115310644.135
0.06220309844305443,52.657339994190075,705.2438993874231,11038341.739316711,6.22030984430544e-08,,897.809703264871,1372764.2284837773,1374150.6262114092,0.05865089205730622,19.61810191982906,0.000528273385773778,-0.010546838119386559,0.08147670997346926,0.02593484227828472,3822.5254699201128,-26100034.17786912,1037953585877482.5,-27535512109.91424,1449946823085.892
0.062277876248266695,52.73626995547198,705.240179785573,11035364.214316735,6.227787624826666e-08,,897.7897548496229,1372760.0691270062,1374150.6262114143,0.05874011111243428,19.617665136976317,0.0005274737611281116,-0.010534997461832833,0.08141282292655216,0.025914506399651923,3834.60607271147,-26138606.011330888,1043027735833043.2,-27628652512.44376,1457032077402.1633
0.06234655439975386,52.80896339158234,705.2367490617835,11032618.04273807,6.234655439975383e-08,,897.7713554530943,1372756.2329041592,1374150.626211406,0.05882228595378864,19.617665136976424,0.0005267502369765109,-0.010534997461832726,0.08135478575368685,0.025896032593762736,3845.7429845232464,-26174127.942822877,1048761475617890.1,-27742662705.44609,1465061259196.9192
0.06303853989527941,53.55276704744521,705.201369358349,11004303.795279479,6.303853989527938e-08,,897.5815954635392,1372716.6767821882,1374150.6262114071,0.05966339697483312,19.617665136973404,0.0005194601715375241,-0.010534997461832833,0.08077001634806877,0.025709894710816684,3960.649236192121,-26537468.038561907,1108792330143659.9,-28927197442.715824,1549131465985.2131
0.06504597289751067,55.83438235282505,705.0896965627355,10915003.885142699,6.504597289751063e-08,,896.9824658643435,1372591.887085734,1374150.6262120947,0.06224690501505216,19.617665133650004,0.0004983118699542183,-0.01053499746183278,0.0790736146010331,0.025169913263795776,4323.955898119332,-27650591.97837321,1309026169609533.2,-32768896674.442642,1829631106201.0476
0.06702816909940557,58.28690107540598,704.9643530675947,10814902.45972582,6.702816909940552e-08,,896.3096882789306,1372451.9447945063,1374150.6262129934,0.06502986840109572,19.617665129641413,0.00047742943799840103,-0.010534997461832833,0.07739853946969649,0.02463672028939072,4732.704405490492,-28844618.881384075,1553143265493248.5,-37259806428.58031,2171758651391.4363
0.06740211439527022,58.77398767772891,704.9388028696342,10794514.683202757,6.740211439527018e-08,,896.1725091498718,1372423.4353992383,1374150.6262130092,0.06558334146344565,19.617665129641153,0.00047348992525560256,-0.010534997461832833,0.07708253318082135,0.024536132363545515,4816.1334132190195,-29081445.248792905,1605408229628936.8,-38197636101.93336,2245027393573.4043
0.06777915526902663,59.2734380129489,704.9123779168591,10773434.993761318,6.777915526902659e-08,,896.0306195563552,1372393.9559860704,1374150.6262130078,0.06615113001640112,19.617665129641058,0.0004695178006075716,-0.010534997461832833,0.07676391094225433,0.024434711755051623,4902.454113207753,-29324172.163041357,1660352093324400.5,-39175368058.47307,2322058750248.3613
0.06813663862844124,59.754903068746,704.8866875297696,10752947.235866927,6.813663862844121e-08,,895.8926607048068,1372365.3019926278,1374150.6262130055,0.06669873042796923,19.617665129640937,0.0004657517143234911,-0.010534997461832833,0.07646181598079206,0.02433855194225187,4986.408327197575,-29558051.275594756,1714634700114279.0,-40133443631.23204,2398170033999.2524
0.0684969959830338,60.2482396285257,704.8601425466662,10731784.125689873,6.849699598303376e-08,,895.7500986308686,1372335.701023831,1374150.6262129992,0.06726009823567267,19.61766512964096,0.0004619553505075058,-0.010534997461832833,0.07615729232037177,0.024241619050563216,5073.188137092199,-29797587.05774564,1771618889189807.5,-41131103816.3794,2478076598914.9937
0.06856638330272967,60.34417129883779,704.8549547358,10727648.853832837,6.856638330272963e-08,,895.722235394796,1372329.9167081362,1374150.6262130078,0.06736929029370435,19.617665129640848,0.0004612243552706264,-0.010534997461832833,0.07609865585767371,0.024222954484795577,5090.151703854492,-29844152.919748448,1782861844060042.5,-41326990549.88857,2493842997007.927
0.06863587922522414,60.44056056568417,704.849733645867,10723487.297373349,6.86358792252241e-08,,895.6941928724862,1372324.0955322494,1374150.6262129964,0.06747901353680952,19.61766512964089,0.00046049221590353936,-0.010534997461832833,0.07603992761907226,0.02420426070585057,5107.225312840659,-29890936.613538034,1794211981677868.2,-41524432681.69797,2509759988453.8413
0.06866795807416412,60.48507705108066,704.8473193571708,10721563.053060941,6.866795807416408e-08,,895.6812255919891,1372321.403940054,1374150.6262129915,0.06752969172833093,19.617639187053364,0.00046015426531137817,-0.010474274313405658,0.07601281906036858,0.024195631783614998,5115.121171860003,-29912541.76603966,1789249060985080.5,-41376036179.88325,2502632736408.539
0.06870006003242769,60.52931323707808,704.8449180417869,10719649.305571238,6.870006003242766e-08,,895.6683282154814,1372318.727332518,1374150.626212994,0.06758005316284427,19.617491165773853,0.00045981607126255157,-0.010379499545054549,0.07598569097289515,0.024186996645178944,5122.976864091385,-29934009.934165902,1778464981019421.2,-41091609201.1721,2487246884753.3447
0.06902231496729562,60.9544543808357,704.821722479724,10701172.389386335,6.902231496729558e-08,,895.543760174026,1372292.90345856,1374150.6262129925,0.06806418300429089,19.608774739636484,0.0004564211163416549,-0.00942810472510789,0.07571336615114857,0.02410031296216377,5198.993677045953,-30140285.641071998,1664167515324582.8,-38130734051.1419,2324238089228.1074
0.06919064006212931,61.16255034032029,704.8102886416731,10692071.13355521,6.919064006212928e-08,,895.4823682633653,1372280.1974309387,1374150.6262130048,0.06830123351164867,19.598955492544544,0.00045464781189481914,-0.008931157724567944,0.07557112131177986,0.024055035023534087,5236.5673321182085,-30241219.95163382,1600146052942444.8,-36508856058.28073,2232974746532.1025
0.0693595154720441,61.361446975038355,704.7993082882489,10683335.571133763,6.935951547204406e-08,,895.4234205080945,1372268.0126255665,1374150.6262130018,0.06852785572686912,19.585441968587144,0.00045286870988000096,-0.008432586026123193,0.0754284114230352,0.02400960905509047,5272.726934787446,-30337671.944413207,1532989039037774.5,-34830823338.268936,2137269719368.1174
0.06957527516745386,61.600869584448134,704.7860194264698,10672770.510447148,6.957527516745381e-08,,895.3520945505684,1372253.2926462274,1374150.6262130076,0.0688007209223868,19.56280604318554,0.00045059568203649323,-0.007795597622360672,0.07524608149031704,0.02395157163495906,5316.606196015228,-30453749.644970916,1443003120515285.0,-32614331303.318462,2009071169199.7048
0.06961913348948563,61.64749110514098,704.7834222359278,10670706.673981586,6.961913348948557e-08,,895.3381567857571,1372250.4196332162,1374150.6262129955,0.0688538633564485,19.55746456788348,0.0004501336347252083,-0.007666114483771398,0.07520901856765211,0.023939774140263943,5325.199186642427,-30476349.398970388,1424146908943689.8,-32153991782.633564,1982212922414.6792
0.0696409884808775,61.67046232117302,704.7821413712063,10669688.976913499,6.964098848087746e-08,,895.3312833587665,1372249.0032515447,1374150.6262129983,0.06888004861152737,19.554709248386207,0.0004499033924463665,-0.007601591885820396,0.07519054978411742,0.02393389534387906,5329.439286166557,-30487484.263392173,1414680376912862.5,-31923381850.706867,1968729717588.4365
0.06966285143001981,61.693312602362674,704.7808665350142,10668676.14078374,6.966285143001976e-08,,895.3244424325175,1372247.5938030675,1374150.6262129939,0.06890609669355992,19.55388941302653,0.00044971871311059406,-0.007582692572113763,0.07517506636258499,0.02392896681773334,5333.614232255768,-30498560.23793102,1413368512991715.2,-31880599885.16114,1966819814666.0942
0.06968538622784941,61.71687758314644,704.7795513099323,10667631.233180093,6.968538622784936e-08,,895.3173847456934,1372246.1397236881,1374150.6262129946,0.0689329601263987,19.553889413026436,0.0004495478386664775,-0.007582692572113763,0.07516038402981569,0.02392429328606063,5337.901756562697,-30509982.380478267,1415514472515585.8,-31916970167.333466,1969815740642.2563
0.06991120012062131,61.954015013914066,704.7662873753931,10657094.266030023,6.991120012062127e-08,,895.2462065484209,1372231.476224821,1374150.6262129932,0.0692033259239096,19.553889413026504,0.00044783556133907586,-0.007582692572113763,0.07501325713998605,0.02387746134250438,5381.145869595768,-30624910.148260634,1437245134702215.8,-32284498518.540222,2000154305934.3271
0.07221796286557079,64.4854087452932,704.6214438174331,10542129.158478085,7.221796286557075e-08,,894.4686950029176,1372071.4422431856,1374150.6262137094,0.07209353340765365,19.553889410510546,0.00043034408860731873,-0.007582692572113763,0.07351030785695799,0.02339905772728371,5853.90193665177,-31850044.74106291,1685041735022677.2,-36383655219.77892,2346214878495.264
0.07459091935038009,67.31544946153129,704.4524436837112,10408223.073419442,7.459091935038006e-08,,893.5609641180952,1371884.9413467923,1374150.6262148963,0.07533391918923923,19.55388940659195,0.0004123506890960061,-0.007582692572113763,0.07196423067355046,0.022906926075001905,6406.541901787683,-33215927.330509927,1998351411152928.2,-41357892117.33076,2784025096659.6416
0.0747312670706104,67.49065576968269,704.4417348495848,10399746.495493282,7.473126707061036e-08,,893.5034251992038,1371873.1319067802,1374150.626214891,0.07553485959456267,19.553889406592056,0.00041128647548030267,-0.007582692572113763,0.07187278845394787,0.02287781911248781,6441.5922644901475,-33300352.78144682,2019077705828635.2,-41679795716.21663,2812996745233.8716
0.07487197241556878,67.6672292959087,704.4309133556856,10391181.773363974,7.487197241556875e-08,,893.4452785646924,1371861.1992545936,1374150.626214886,0.07573740767270623,19.553889406592052,0.00041021955010623,-0.007582692572113763,0.07178111322736185,0.02284863798154734,6477.014848664603,-33385420.76786229,2040127444445071.2,-42005881827.08526,2842421637370.222
0.07493580613403437,67.74764128041171,704.4259755411156,10387274.061557982,7.493580613403434e-08,,893.4187456348684,1371855.7547653553,1374150.626214885,0.07582966174754914,19.5538894065921,0.00040973551864337054,-0.007582692572113763,0.0717395229764308,0.022835399393507122,6493.179212041139,-33424155.49434533,2049767563089161.8,-42154939061.95504,2855897689766.946
0.07497072867490744,67.79171474330383,704.423266575184,10385130.318663144,7.49707286749074e-08,,893.4041890226222,1371852.7679209663,1374150.626214885,0.07588022932539357,19.553889406592052,0.0004094707117520931,-0.007582692572113763,0.07171676952773669,0.02282815674584301,6502.047548642281,-33445384.387989968,2055065654225510.2,-42236784749.80601,2863304063433.174
0.07500567339251613,67.83576155400792,704.4205572424718,10382986.39646079,7.50056733925161e-08,,893.389630438159,1371849.7809420908,1374150.6262148968,0.07593076888606617,19.553857235254625,0.000409205736701447,-0.007541425132013917,0.07169400163000182,0.022820909498906382,6510.917842626094,-33466599.403994936,2049370415804183.8,-42088480103.3506,2855104100461.498
0.0750508876610039,67.89245435769098,704.4170667365489,10380224.577245547,7.505088766100387e-08,,893.3708745133746,1371845.933535546,1374150.6262149017,0.07599582244571436,19.553705659885896,0.00040886289080363123,-0.007483715099827574,0.07166454270426048,0.022811532431606562,6522.347859711741,-33493903.758149445,2040753527153415.5,-41870970352.741516,2842722943585.735
0.07550502031126848,68.442711722021,704.3829904778044,10353277.940346105,7.550502031126844e-08,,893.1877884969474,1371808.423820952,1374150.6262148838,0.07662746020878332,19.545218647320862,0.0004054193425297157,-0.006904074850406594,0.07136865690386374,0.022717349056158874,6634.07354480751,-33758826.04221531,1947901809810997.0,-39586840402.25775,2709430705637.381
0.0758942175627718,68.88571720234195,704.3552866306958,10331393.47714126,7.589421756277177e-08,,893.038973113356,1371778.0051976417,1374150.6262148821,0.07713629446897396,19.527763746570066,0.00040246817942165436,-0.006407316046995481,0.07111507914369568,0.022636632748181038,6725.118183430786,-33971988.453892305,1859199086143616.2,-37486172457.12629,2582261874879.822
0.07594214670250021,68.93839600439806,704.3519756525352,10328779.515219137,7.594214670250017e-08,,893.0211901192802,1371774.3749930703,1374150.6262148998,0.07719681992673658,19.524958173364347,0.00040210474748984793,-0.006346140840829298,0.07108385136947022,0.022626692638921562,6736.013801635426,-33997328.66263937,1847694110504698.8,-37218410664.57927,2565777533049.077
0.07597284035754592,68.9719119742497,704.3498672131994,10327115.116663333,7.597284035754588e-08,,893.0098661645058,1371772.0638941994,1374150.6262148912,0.07723533029986038,19.52308558171529,0.0004018720069397218,-0.006306964450723958,0.07106385321103566,0.02262032702738637,6742.953906617974,-34013450.10050973,1840259574328457.8,-37045897823.36437,2555126403680.1367
0.07600354854405683,69.00537117216099,704.3477610759189,10325452.626480294,7.600354854405679e-08,,892.9985546513918,1371769.7555895774,1374150.6262148812,0.0772737769985521,19.52305459600672,0.0004016777115541069,-0.0063063248652701865,0.07104631263827729,0.022614743689668055,6749.835691099252,-34029543.60682171,1843623330639867.0,-37095808821.48006,2559810056657.756
0.07606019850512138,69.06718112791641,704.3438675837458,10322379.380784128,7.606019850512135e-08,,892.9776434787917,1371765.488460416,1374150.6262148942,0.07734480435461961,19.52305459600661,0.0004013204584960289,-0.006306324865270132,0.07101402957448931,0.022604467671308037,6762.556432628552,-34059271.93086414,1850182366699739.8,-37194975335.00115,2568952098510.9077
0.07662944390223372,69.69449954928912,704.3041481655806,10291035.259830086,7.662944390223368e-08,,892.7643002763721,1371721.9645811734,1374150.6262148863,0.0780659570815207,19.52305459600649,0.00039773061209377877,-0.006306324865270132,0.07068963419767599,0.02250120941583604,6892.353585842717,-34360872.30307805,1917739147158254.2,-38211353007.00729,2663121124924.5977
0.07918193187814468,72.65397040631332,704.1117495693386,10139401.867456013,7.918193187814464e-08,,891.7304125393041,1371511.3265081204,1374150.6262160211,0.0814752635826593,19.52305459285318,0.00038163379370298846,-0.0063063248652701865,0.06923505010624999,0.02203820091924948,7521.694213828578,-35780794.73908045,2261543928698711.5,-43253897795.11406,3142567410363.918
0.07968024886991344,73.26141983943786,704.0712317668132,10107510.47626632,7.968024886991341e-08,,891.5125848962689,1371467.0083975599,1374150.626216005,0.08217654027616686,19.523054592853185,0.00037849124486701046,-0.0063063248652701865,0.06895107463778362,0.02194780872020296,7654.340559908043,-36071632.630895995,2337432094372800.5,-44340391146.31655,3248440011615.19
0.08018264924689443,73.88425613156438,704.029323445353,10074539.880785797,8.018264924689439e-08,,891.2872458595045,1371421.1845639609,1374150.626216018,0.08289612184488827,19.523054592852937,0.0003753229448773342,-0.0063063248652701865,0.06866477217415608,0.021856675815591538,7791.574036779951,-36369617.20450614,2417194859696677.0,-45472940803.22842,3359734405361.1934
0.0802957897297294,74.02598808924898,704.0197352796745,10066998.754054599,8.029578972972936e-08,,891.2356856337125,1371410.7027597306,1374150.6262160256,0.0830599461876494,19.52305459285286,0.00037460944423716336,-0.0063063248652701865,0.06860029690611127,0.02183615270035853,7822.976273702974,-36437394.88037251,2435625006313520.5,-45733298969.08142,3385452644767.284
0.0804091414136052,74.16841005520234,704.0100809104001,10059406.443985539,8.040914141360517e-08,,891.1837676809201,1371400.1496909475,1374150.6262160058,0.08322459715374622,19.523022445257048,0.00037389461169461715,-0.006286745487999714,0.06853570128111397,0.021815591274317665,7854.5976002578,-36505490.72734676,2446799134355514.5,-45853215915.91127,3400860120401.0376
0.0805116978316084,74.2971015961173,704.0013393191974,10052532.996238487,8.051169783160837e-08,,891.1367577564705,1371390.5965632123,1374150.6262160041,0.08337340026593447,19.522825874905443,0.0003732478576056705,-0.006252561825908218,0.06847725754484216,0.021796988055276828,7883.233638991877,-36567011.368839726,2450587091828280.0,-45840530585.726555,3405818558147.6494
0.08079850387887012,74.65563485479163,703.9768941384813,10033317.473972037,8.079850387887009e-08,,891.0052961146313,1371363.89430823,1374150.626216016,0.08378809326985963,19.521298077831222,0.00037143916549831405,-0.006156964873554697,0.06831381563341737,0.021744962879053545,7963.336610559808,-36738355.289251596,2460620747415546.0,-45795368274.06517,3418882291909.3193
0.08108664965361656,75.01375700209782,703.9523425349038,10014026.570534477,8.108664965361652e-08,,890.8732593162223,1371337.0943462325,1374150.6262160174,0.08420250155411962,19.518301277939514,0.00036962202463420804,-0.006060921369025027,0.06814961025266207,0.02169269468299456,8043.825234327185,-36909426.06948169,2469846788450129.0,-45735364844.93922,3430781544880.5576
0.08122615402121262,75.18636358108445,703.9404610606049,10004693.953986824,8.122615402121258e-08,,890.8093606381742,1371324.1315817395,1374150.626216013,0.08440230525554994,19.516319869975547,0.00036874226477202324,-0.006014422376031327,0.068070111020656,0.021667389291503004,8082.790317862829,-36991850.7155249,2473996555397692.0,-45700947435.59065,3436088049892.348
0.08129868305410873,75.27589783799833,703.9342855430982,9999844.008645019,8.129868305410868e-08,,890.7761484191326,1371317.395818359,1374150.6262160174,0.08450596479439987,19.515152237154002,0.0003682848731284165,-0.005990247312192143,0.06802877896408498,0.02165423288928014,8103.046341472797,-37034598.84616253,2476070649525298.0,-45681652339.13244,3438727394551.49
0.08134256983584326,75.33000553023263,703.930549426609,9996910.106845923,8.13425698358432e-08,,890.7560553380732,1371313.3213494148,1374150.6262160072,0.08456861458173556,19.514399910121522,0.0003680081088255074,-0.0059756191597438975,0.06800376924214412,0.021646272047535657,8115.302178604611,-37060430.21712331,2477297677056465.5,-45669508439.2117,3440284323288.8237
0.08138648721939316,75.38414275131115,703.9268082752088,9993972.42260396,8.138648721939312e-08,,890.73593504409,1371309.2417268443,1374150.6262160193,0.08463130293219814,19.514262055634184,0.0003677431799167559,-0.00597300918637767,0.06797900636713705,0.02163838977961058,8127.568234547695,-37086273.92498483,2483315200264785.0,-45747664491.42545,3448648470560.7046
0.08144212968525447,75.45284315074592,703.9220566977772,9990241.4957164,8.144212968525442e-08,,890.7103801597467,1371304.0604462516,1374150.6262160172,0.08471086093912326,19.514262055634244,0.00036741082695701364,-0.00597300918637767,0.06794770494515501,0.02162842622754208,8143.145634048626,-37119067.20982892,2492292800598570.5,-45871941115.90114,3461168378038.3413
0.0820012843897473,76.15026203411554,703.8735651684099,9952177.468382332,8.200128438974725e-08,,890.449556597481,1371251.1950120758,1374150.626216008,0.08551889488843727,19.51426205563411,0.00036407099077047166,-0.00597300918637767,0.06763315495015279,0.021528301854433815,8302.142259954046,-37451812.123117656,2584803042369083.0,-47146164517.24505,3590192781891.7305
0.08446878209904343,79.38914057430908,703.6422532147993,9770893.074814511,8.446878209904338e-08,,889.2047145049185,1370999.3083967974,1374150.626217361,0.0892810612441596,19.514262052490473,0.00034933260428548,-0.0059730091863777245,0.06624507507549442,0.021086462307517297,9061.081292384693,-38993232.80435897,3048317040569133.0,-53369723194.37553,4236976457090.243
0.08463905853872297,79.62288579388324,703.6251693590818,9757522.937308384,8.463905853872291e-08,,889.1127308563463,1370980.7242462742,1374150.626217347,0.089553195034329,19.514262052490707,0.0003483155415470504,-0.00597300918637767,0.06614928682079525,0.021055971959066264,9117.160529260987,-39104223.00430523,3084000858451624.5,-53838670254.42567,4286790292962.6733
0.08480982101628183,79.85869084854286,703.607881550871,9743995.831690524,8.480982101628176e-08,,889.0196428973754,1370961.9209653381,1374150.6262173597,0.08982781368955804,19.5142620524905,0.00034729557569990275,-0.0059730091863777245,0.06605322514764628,0.02102539457881959,9173.912291904593,-39216156.30727303,3120312904320284.5,-54314489928.90852,4337484059829.0005
0.08489944740258105,79.98301777473613,703.5987450428621,9736847.910194175,8.489944740258099e-08,,888.9704439311541,1370951.9846511728,1374150.6262173497,0.08997264005880759,19.51426205249066,0.00034676023647119565,-0.00597300918637767,0.06600280622219334,0.021009345736397154,9203.906462395005,-39275158.345509954,3139585718396869.5,-54566473819.8676,4364391245439.144
0.08498920880594119,80.10781263761118,703.5895588832135,9729661.956953518,8.498920880594112e-08,,888.9209760510789,1370941.9953945554,1374150.6262173466,0.09011803613126579,19.51423554613594,0.00034622409078434343,-0.005958903890750848,0.06595231134349258,0.020993272717305052,9234.064966011249,-39334372.55238032,3151729479526544.0,-54690829482.524796,4381162721181.6377
0.0850761315821227,80.22867198997606,703.5806472322502,9722691.665891847,8.507613158212264e-08,,888.8729854119161,1370932.3063127117,1374150.6262173492,0.09025887084733145,19.514122377428464,0.0003457049002437058,-0.005940954918502305,0.06590341332190075,0.02097770799361754,9263.324756507092,-39391709.84823276,3161272190703440.0,-54771576691.717834,4394250860773.649
0.08536901385577343,80.63590820479101,703.5505091110329,9699125.782696059,8.536901385577337e-08,,888.710679731493,1370899.5513713595,1374150.6262173653,0.09073358748108395,19.513089505704027,0.00034395551173266276,-0.005880476686757007,0.06573865369996994,0.02092526337711306,9362.296405254101,-39584838.80665446,3193323915337844.5,-55039889390.66268,4438191468507.326
0.08566333163815003,81.04511722138045,703.520053375757,9675322.221210882,8.566333163814996e-08,,888.5466523889808,1370866.470704649,1374150.6262173627,0.09121087452581068,19.511031515998084,0.00034219754891481305,-0.005819702032055433,0.06557308653898256,0.020872561712943393,9462.340225117718,-39778795.09684804,3225359066939881.0,-55303494543.310715,4482078198014.59
0.08581608231668644,81.25747273085396,703.5041806949364,9662920.729744894,8.581608231668637e-08,,888.4611614747357,1370849.2377800439,1374150.6262173466,0.09145866612331889,19.509556980610935,0.00034128516770868964,-0.0057881600379954485,0.06548715732335735,0.02084520959409787,9514.491892587703,-39879404.05992916,3241909926731997.5,-55437846875.71707,4504739330760.837
0.08591401365700665,81.39360547564347,703.4939808895516,9654953.058719655,8.591401365700659e-08,,888.4062233055066,1370838.1667111937,1374150.6262173562,0.09161755438047364,19.50846462397642,0.0003407002229133227,-0.005767937870838663,0.06543206648291414,0.020827673634946624,9548.008823851997,-39943884.98930159,3252492084392248.0,-55523077738.516975,4519223484242.333
0.08601210339640791,81.53015258728058,703.4837313391265,9646947.622192599,8.601210339640785e-08,,888.3510155349696,1370827.0433269113,1374150.6262173639,0.09177695658757445,19.50838391544544,0.0003401331648743096,-0.0057665158708504706,0.06537682819306047,0.020810090741190314,9581.69341689083,-40008550.046119235,3273358401163035.0,-55787069424.81116,4548328282602.068
0.08612904110069551,81.69353632524374,703.4714436086363,9637351.495996209,8.612904110069544e-08,,888.284826504752,1370813.7092786976,1374150.6262173597,0.09196772689081469,19.508383915445616,0.0003394588417466343,-0.0057665158708504706,0.06531097060201849,0.020789127618881405,9622.077871799105,-40085908.2978013,3299387595631827.0,-56120241405.75035,4584660979862.114
0.08731109738645715,83.38279893275217,703.3428786860882,9537029.258952193,8.731109738645708e-08,,887.5921100125223,1370674.2806384338,1374150.6262173636,0.0939426995712882,19.50838391541313,0.00033264249541455125,-0.0057665158708504706,0.0646452539289357,0.020577223420441774,10044.689681124039,-40884707.65336597,3577615175871275.0,-59641982994.0163,4973115475940.684
0.08777619097907342,84.06686418177725,703.2900267297658,9495830.47445532,8.777619097907336e-08,,887.3072398593787,1370617.0073907035,1374150.6262173823,0.09474380508278085,19.508383915412757,0.00032996052583129866,-0.005766515870850525,0.06438332007444998,0.02049384728503274,10218.454232339602,-41207642.32046264,3695099709475166.5,-61108425098.01919,5137193673077.486
0.0882449870184437,84.76788676135784,703.2353911310839,9453267.60710861,8.824498701844364e-08,,887.0126945247267,1370557.8289043726,1374150.6262173657,0.09556558466931256,19.50838391541289,0.00032725720603007805,-0.0057665158708504706,0.06411930105653758,0.020409807421490688,10398.097769252414,-41538255.685016796,3818445081663648.0,-62635600146.40748,5309487460440.358
0.0886968793984093,85.45484670257612,703.1813857724835,9411222.013783101,8.869687939840924e-08,,886.7214854955722,1370499.3608049012,1374150.6262173816,0.09637168840542641,19.50838391541268,0.0003246513614490901,-0.005766515870850525,0.06386480193039121,0.02032879783361316,10575.680560988152,-41861913.17896431,3942256837485841.5,-64156259348.520454,5482463307638.532
0.08873708117879976,85.51650338049474,703.1765160584433,9407432.009114493,8.87370811787997e-08,,886.6952239033136,1370494.0900421536,1374150.6262173667,0.09644407804977595,19.508383915412825,0.000324419537244432,-0.0057665158708504706,0.06384216088037023,0.0203215909635579,10591.693821174626,-41890946.61866579,3953513205939819.0,-64293916587.2586,5498190935179.547
0.08877731086022968,85.57829244575856,703.1716321553399,9403631.175158724,8.877731086022962e-08,,886.6688852932191,1370488.8041484135,1374150.6262173795,0.09651662967451265,19.508383915412608,0.00032418755214798714,-0.005766515870850525,0.06381950411689517,0.020314379091754865,10607.75380491791,-41920039.78189302,3964817666340074.5,-64432063892.59193,5513986006684.031
0.08879669826169949,85.60810176128048,703.1692746445594,9401796.549725179,8.879669826169942e-08,,886.6561711937459,1370486.2526737887,1374150.6262173736,0.09655163358985294,19.508383915412708,0.00032407575438971693,-0.005766515870850525,0.06380858541821587,0.02031090356202098,10615.506148671822,-41934074.455684505,3970279926802814.5,-64498780889.91664,5521618197902.517
0.08881609215261403,85.63785575810876,703.1669204231096,9399964.586427486,8.881609215261396e-08,,886.6434748915361,1370483.7050479548,1374150.626217378,0.09658657417919295,19.50836446438804,0.00032396391920996067,-0.005707310172353274,0.06379766306477698,0.020307426868940985,10623.248138631725,-41948082.44907269,3935835424298203.5,-63902786170.92908,5472497584647.292
0.08883617264772185,85.66814657911497,703.1645214696233,9398098.19495679,8.883617264772177e-08,,886.6305383200151,1370481.1105482278,1374150.626217378,0.09662214741829073,19.508222834374955,0.0003238481247162269,-0.0055915156786194836,0.06378635402597903,0.020303827090088364,10631.140058047888,-41962342.38229932,3863211326582428.0,-62672965162.341774,5369076766075.261
0.08903732716795262,85.93832733095243,703.1429950988222,9381374.369255152,8.903732716795254e-08,,886.514520964575,1370457.9281651613,1374150.6262173823,0.09693955970111685,19.499056023988413,0.00032268816398282283,-0.00443155494521543,0.06367306676580656,0.02026776663519679,10702.140658082428,-42089495.728690915,3120271136744476.5,-50166181190.554634,4311197700097.7544
0.08958601726245222,86.36169052693633,703.1081798672407,9354560.477993283,8.958601726245214e-08,,886.3276079500849,1370421.4554214596,1374150.6262167948,0.09743766272459374,19.402020172141803,0.00031952413384471245,-0.0012675248071050541,0.06336405259392354,0.020169404369315528,10818.916491670978,-42288521.70531346,980144158742997.6,-14647425572.955757,1264976434347.9382
0.08976626492980298,86.39861562414487,703.1046034786542,9351930.544789113,8.97662649298029e-08,,886.308816182183,1370418.2658259235,1374150.6262168079,0.0974813902859626,19.347076264864768,0.0003184847328102505,-0.00022812377264307994,0.0632625397650633,0.02013709183231483,10831.973498894147,-42305808.29562616,252873263212436.34,-2664271999.472323,230189412400.58112
0.08979917159743249,86.39983315761538,703.10437738545,9351785.765547967,8.979917159743241e-08,,886.3076992991317,1370418.1606319617,1374150.6262167934,0.09748288684159918,19.335815316869404,0.00031829497598910816,-3.836695150076291e-05,0.06324400721499743,0.020131192738412667,10832.982053023485,-42306364.80032139,119364444951361.69,-465877222.08184296,40251714259.80459
0.08981872030799441,86.39987256690453,703.1042959371564,9351741.290735396,8.981872030799433e-08,,886.3073223807597,1370418.157227018,1374150.6262168067,0.09748297276256389,19.333491176340466,0.0003182566090376074,0.0,0.06324026011676254,0.02013,10833.1336628723,-42306373.5802672,92348912829156.17,-21050016.101111848,1818718708.6673427
0.08983676599272931,86.3998815457442,703.1042228692214,9351701.899520261,8.983676599272924e-08,,886.3069859243099,1370418.1564512497,1374150.626216809,0.09748301989929559,19.333491176340406,0.0003182566090376074,0.0,0.06324026011676254,0.02013,10833.134785306616,-42306368.79118009,92348913097021.48,-21050034.885713562,1818720520.6594334
0.09001722272772551,86.39997133458154,703.1034921871433,9351307.98736263,9.001722272772545e-08,,886.3036213430735,1370418.148693498,1374150.6262168062,0.09748349127091915,19.333491176340438,0.0003182566090376074,0.0,0.06324026011676254,0.02013,10833.146009705257,-42306320.90010428,92348915775712.81,-21050222.733863637,1818738640.7923713
0.09182177884207265,86.40086926702763,703.0961850912363,9347368.865157856,9.182177884207259e-08,,886.2699738462086,1370418.071111747,1374150.626216796,0.09748820541901883,19.33349117634057,0.0003182566090376074,0.0,0.06324026011676254,0.02013,10833.258259203983,-42305841.96859959,92348942565531.8,-21052101.428974055,1818919863.3609788
0.1098662160964382,86.40985300212246,703.0230866001078,9307977.580217408,1.0986621609643813e-07,,885.9333302644588,1370417.2948688765,1374150.6262168007,0.09753539013633042,19.333491176340555,0.0003182566090376074,0.0,0.06324026011676254,0.02013,10834.381305852445,-42301050.57721922,92349210754869.8,-21070909.76837986,1820734215.7066774
0.1459489553014088,86.4278445818567,702.876739135596,9229194.666583903,1.4594895530140873e-07,,885.2591209366047,1370415.740057268,1374150.6262168007,0.0976299961647568,19.33349117634049,0.0003182566090376074,0.0,0.06324026011676254,0.02013,10836.630414660394,-42291456.442321956,92349748727024.19,-21108643.528284244,1824374562.1963546
0.18202350331830783,86.44586841898261,702.7301903635445,9150411.293098677,1.8202350331830777e-07,,884.583676741869,1370414.182133452,1374150.626216808,0.09772491929467114,19.333491176340505,0.0003182566090376074,0.0,0.06324026011676254,0.02013,10838.883558073507,-42281847.113505244,92350288835275.61,-21146534.300211884,1828030521.6336162
0.1826006294377214,86.44615706329762,702.7278439425894,9149150.755375268,1.8260062943772133e-07,,884.5728595627279,1370414.1571812958,1374150.626216802,0.09772644065298439,19.33349117634051,0.0003182566090376074,0.0,0.06324026011676254,0.02013,10838.91964125305,-42281693.240367696,92350297494445.42,-21147141.834718425,1828089144.483881
0.1831777534568129,86.44644571590545,702.725497469892,9147890.217533663,1.8317775345681284e-07,,884.5620420657954,1370414.132228342,1374150.6262167983,0.09772796209299178,19.333491176340537,0.0003182566090376074,0.0,0.06324026011676254,0.02013,10838.955725469837,-42281539.363322474,92350306154166.08,-21147749.409704264,1828147771.3595755
0.18433199519381635,86.44702304600183,702.7208043692578,9145369.14149583,1.843319951938163e-07,,884.540406118456,1370414.0823200329,1374150.6262167909,0.09773100521812116,19.333491176340697,0.0003182566090376074,0.0,0.06324026011676254,0.02013,10839.02789701543,-42281231.59750803,92350323475260.3,-21148964.681131773,1828265037.1888444
0.1844172082516435,86.44706566945885,702.7204578868191,9145183.019774055,1.8441720825164345e-07,,884.5388087662257,1370414.0786353643,1374150.6262167941,0.09773122989373087,19.333491176340655,0.0003182566090376074,0.0,0.06324026011676254,0.02013,10839.03322533769,-42281208.87567829,92350324754099.02,-21149054.406538546,1828273695.1289995
0.18450207751019715,86.44710548875318,700.4976085105067,9144997.564957147,2.603078833103646e-07,1.5467156438907886e-06,887.9498248081163,1370414.075193109,1374150.6262168009,0.09735584497404927,19.272344243577606,0.0003182566090376074,0.0,0.06324026011676254,0.02013,10871.06907638485,-41910028.085883796,91632536605683.6,-18159035.451794077,1569796053.275256
0.1845792463948577,86.44713886593372,700.4957691916497,9144828.845459526,4.086564612935934e-07,7.078341344908041e-06,887.9365168036566,1370414.0723077478,1374150.6262168009,0.09735734169050872,19.272301080592303,0.0003182566090376074,0.0,0.06324026011676254,0.02013,10871.0944108502,-41909751.27402457,91629936446172.16,-18122528.393033683,1566640728.5944126
0.18475094242654466,86.44721319447922,700.4916765913975,9144453.449536733,7.405136970757117e-07,1.938590884115665e-05,887.9067360595876,1370414.0658822549,1374150.6262168007,0.09736069080646971,19.272205053962963,0.0003182566090376074,0.0,0.06324026011676254,0.02013,10871.150797930808,-41909135.39023369,91630462688518.34,-18145524.703859106,1568630042.600186
0.18534658027969916,86.44747140317666,700.4774763259301,9143151.111822212,1.8927382283846189e-06,6.208234301422489e-05,887.8033312846642,1370414.0435607992,1374150.6262168007,0.09737232150062551,19.271871933497405,0.0003182566090376074,0.0,0.06324026011676254,0.02013,10871.346531917014,-41906998.56945716,91629720424235.67,-18182891.618366167,1571865003.2057493
0.1859962528755519,86.44775349424619,700.4619835076264,9141730.5754894,3.146531671630138e-06,0.00010865131014276344,887.6908308969175,1370414.0191746997,1374150.6262168007,0.0973849796408282,19.271508573276204,0.0003182566090376074,0.0,0.06324026011676254,0.02013,10871.560192142928,-41904667.37635912,91627695575624.27,-18203579.344593894,1573658539.8943894
0.18676919707335163,86.44808957525643,700.4435451276929,9140040.436968498,4.6279937815922384e-06,0.0001640551090432328,887.5579652894648,1370413.9901211949,1374150.6262168007,0.0973999366306882,19.271076205521602,0.0003182566090376074,0.0,0.06324026011676254,0.02013,10871.814584362539,-41901893.03454875,91625590214221.75,-18233216.050634135,1576226694.3902202
0.1879115716762772,86.4485873632436,700.4162823802559,9137542.357044334,6.832104702759051e-06,0.00024593687047939325,887.3602072069106,1370413.9470882504,1374150.6262168007,0.09742220426511183,19.27043709735972,0.0003182566090376074,0.0,0.06324026011676254,0.02013,10872.19098185514,-41897791.33508538,91622690668554.39,-18280522.08671887,1580325310.659418
0.18813895774973957,86.44868660742584,700.4108541459342,9137045.102256995,7.27171634447516e-06,0.0002622348509500072,887.3207597575846,1370413.9385087262,1374150.6262168007,0.09742664719243531,19.270309873807157,0.0003182566090376074,0.0,0.06324026011676254,0.02013,10872.265964101523,-41896974.70745565,91621985995203.12,-18287832.206718985,1580959075.1678276
0.18821002778032012,86.44871763438086,700.4091574254958,9136889.682981724,7.407221105988223e-06,0.0002673287935459183,887.3086117179325,1370413.9358264862,1374150.6262168007,0.09742801601689191,19.270270108379023,0.0003182566090376074,0.0,0.06324026011676254,0.02013,10872.289403410201,-41896719.44202293,91621886616533.88,-18292113.77734769,1581329778.873898
0.18828109737788673,86.44874866604135,700.4074606614628,9136734.264029881,7.5414307564269085e-06,0.0002724226939019701,887.2965874712771,1370413.9331438385,1374150.6262168007,0.09742937129107329,19.270230342766865,0.0003182566090376074,0.0,0.06324026011676254,0.02013,10872.312844486065,-41896464.1644956,91621737830513.02,-18295579.608795416,1581629963.300303
0.18834892450671945,86.44877828768766,700.4058412597682,9136585.935234673,7.671482035043247e-06,0.0002772841827703743,887.2849240508065,1370413.9305830838,1374150.6262168007,0.09743068539135638,19.270192391278567,0.0003182566090376074,0.0,0.06324026011676254,0.02013,10872.335218181976,-41896220.85937945,91621524825917.8,-18297702.746837776,1581814047.935414
0.18837831676532674,86.44879120263232,700.4051391563689,9136521.65346739,1.0621679924092142e-05,0.00027939100939531106,887.003429890761,1370413.9294666024,1374150.6262168007,0.0974616199773646,19.270175953233217,0.0003182566090376074,0.0,0.06324026011676254,0.02013,10872.344937702774,-41896131.42992701,91624633307432.33,-18350911.001244903,1586414073.5246994
0.1884058158464485,86.44880328928205,700.4044820021552,9136461.511870328,1.471436418132226e-05,0.00028136213738768777,886.6132134260448,1370413.928421726,1374150.6262168004,0.09750452844620618,19.270160567230825,0.0003182566090376074,0.0,0.06324026011676254,0.02013,10872.354035768592,-41896055.60049844,91628779726567.05,-18420860.609916892,1592461355.2859905
0.18847984730269426,86.44883587353664,700.4027117477852,9136299.599111121,2.801079130673905e-05,0.00028666876735844324,885.3488073108394,1370413.9256048556,1374150.6262168004,0.097643815815505,19.27011912567832,0.0003182566090376074,0.0,0.06324026011676254,0.02013,10872.37855570793,-41895863.20170465,91631414635036.33,-18467910.78345898,1596529388.2463584
0.18861858331786102,86.44889718207573,700.3993896901899,9135996.156461997,5.7825309876092e-05,0.0002966138795474635,882.5327273203364,1370413.920304802,1374150.6262168007,0.09795545763448728,19.270041392281783,0.0003182566090376074,0.0,0.06324026011676254,0.02013,10872.424632160755,-41895532.96422608,91639564511771.08,-18608033.519498706,1608643976.4877665
0.18885934901591253,86.4490048502275,700.3936087894422,9135469.475050226,0.0001182455025674454,0.0003138751171403751,876.9062952570239,1370413.9109970033,1374150.6262168007,0.09858408511583217,19.269906342505628,0.0003182566090376074,0.0,0.06324026011676254,0.02013,10872.505134798805,-41895005.3937757,91654408610880.94,-18861081.043721173,1630521686.629203
0.18928512280426496,86.44919889141256,700.3833309057823,9134537.853767183,0.00024141880668384957,0.0003444065783670655,865.7591699870012,1370413.894222317,1374150.6262168004,0.09985363353726942,19.269666819525497,0.0003182566090376074,0.0,0.06324026011676254,0.02013,10872.649186462842,-41894157.91969724,91682864468607.06,-19341724.46622407,1672076585.2835276
0.18994541384829633,86.44950959505165,700.3672361899514,9133092.47672461,0.0004586839683112129,0.0003917722112790254,789.8875879362844,1370413.8673621882,1374150.6262168007,0.10944533236800909,19.269293259898028,0.0003182566090376074,0.0,0.06324026011676254,0.02013,10872.877247263972,-41886055.705210276,91735638992074.06,-20471498.86441812,1769751037.5045836
0.19081680945565133,86.44995916717625,700.3456711572529,9131182.55195686,0.0007783251245245394,0.00045435466495433044,768.8051150315961,1370413.8284967975,1374150.6262168007,0.11244716961023778,19.268800143366196,0.0003182566090376074,0.0,0.06324026011676254,0.02013,10873.192715388808,-41855370.78023604,91810800604549.16,-22765093.287562296,1968041385.1467214
0.19227660357687798,86.4508266928401,700.3086253547943,9127975.924117595,0.0013719788694844643,0.0005594084321803811,733.7777930784379,1370413.753498863,1374150.6262168007,0.11781608479884707,19.267974244422454,0.0003182566090376074,0.0,0.06324026011676254,0.02013,10873.762859457136,-41798810.699826166,91950926313065.0,-27020843.03745987,2335974218.5258584
0.1943712765887763,86.45234890119721,700.2532415457428,9123357.605491733,0.0023141193196979854,0.0007106706961220724,686.8484815666562,1370413.6219015336,1374150.6262168007,0.12586815174142205,19.26678967908433,0.0003182566090376074,0.0,0.06324026011676254,0.02013,10874.68197423385,-41709550.692141935,92174264044574.83,-33771674.370746106,2919640575.677336
0.19729209110344326,86.45507551404914,700.1711689949361,9116880.564283747,0.0037555140491912437,0.0009227274840363808,629.7380420447656,1370413.3861757307,1374150.6262168007,0.13728736354139995,19.265139114670312,0.0003182566090376074,0.0,0.06324026011676254,0.02013,10876.183560264213,-41573421.815525055,92519158915695.42,-44126710.61698576,3814978098.5780835
0.20125947032579802,86.46002277016024,700.0497181678998,9108005.905618936,0.005888460582656736,0.0012131178824044788,566.3689950769394,1370412.9584480925,1374150.6262168007,0.1526567017645712,19.26289963355951,0.0003182566090376074,0.0,0.06324026011676254,0.02013,10878.676150934503,-41372110.03499527,93036120341984.23,-59522546.135959126,5146320694.252932
0.20651797721169168,86.46901534957698,699.8692329146457,9096092.332883,0.008948473906123284,0.0016026391093294924,501.5807871293084,1370412.180909038,1374150.6262168007,0.1723929974360942,19.259936305075172,0.0003182566090376074,0.0,0.06324026011676254,0.02013,10882.86714064688,-41082692.672803685,93791119772946.77,-81780250.51079065,7071457736.709807
0.21341149538733198,86.48545142590702,699.5954291916729,9080185.732581206,0.013266012500301225,0.002122154749683259,438.9632537143333,1370410.7595626293,1374150.6262168007,0.19702207575258604,19.25606091520859,0.0003182566090376074,0.0,0.06324026011676254,0.02013,10890.055310330015,-40672199.72578352,94882902839183.36,-113552637.78942119,9820651139.82058
0.22222637044678914,86.51500174405514,699.1770923742149,9059312.889415339,0.019176850600134146,0.0028028838959513473,381.73150269917363,1370408.2034534137,1374150.6262168007,0.22663836003138033,19.251121845387203,0.0003182566090376074,0.0,0.06324026011676254,0.02013,10902.360685766464,-40105200.909284174,96427792496955.38,-157784288.18495587,13650707967.505936
0.23322670240976,86.56692799117177,698.5349655133599,9032319.801749572,0.027031197285381982,0.0036815461436559,331.46614320611815,1370403.7097058862,1374150.6262168007,0.26116371088114776,19.24498544192467,0.0003182566090376074,0.0,0.06324026011676254,0.02013,10923.218539579131,-39341735.72488722,98572536420003.39,-217957787.03863037,18867936055.688263
0.2467333060516394,86.65662244676801,697.5402880124598,8997535.904443813,0.03724553482457468,0.00481105773372231,288.19874762549836,1370395.94110986,1374150.6262168009,0.3006835496709878,19.2374934651864,0.0003182566090376074,0.0,0.06324026011676254,0.02013,10958.340496390623,-38330371.51868816,101526397736488.31,-298800950.6247467,25893081165.02404
0.26279353997514193,86.8062696257417,696.0175548940276,8953434.08490174,0.05003971536448066,0.006238785574696265,251.91201410068066,1370382.9619936347,1374150.6262168032,0.3445896375194245,19.22864661719468,0.0003182566090376074,0.0,0.06324026011676254,0.02013,11015.95271953626,-37031819.66852833,105510685618205.55,-404666666.3485208,35127603747.59976
0.2808157040999647,87.03988763463641,693.7939011032774,8899722.128993401,0.06506931347771493,0.007971294967098504,222.63474985548095,1370362.6551970867,1374150.6262168118,0.39095373786498594,19.21879837623705,0.0003182566090376074,0.0,0.06324026011676254,0.02013,11105.018820795545,-35457245.884329714,110643406295631.17,-536554301.83612317,46701626141.69692
0.2998638899722495,87.37813931273655,690.7370983281253,8837037.969821699,0.08158468484475588,0.009984879445331319,199.67244031104778,1370333.1566019556,1374150.6262168337,0.43760740929804703,19.208480246365664,0.0003182566090376074,0.0,0.06324026011676254,0.02013,11233.51145095318,-33658828.99376102,116936905486502.16,-692629914.948432,60520713200.532936
0.31891853931357217,87.83267538700699,686.7966886291229,8766766.68593664,0.09864677207151167,0.012232209683866433,181.96574979421035,1370293.3367840548,1374150.6262168745,0.48268795356455363,19.198254089623756,0.0003182566090376074,0.0,0.06324026011676254,0.02013,11406.455042866975,-31715176.944291815,124299598491068.6,-868907926.0179396,76318507807.13115
0.33716183256541876,88.40520610176166,682.0043492386358,8690510.265439507,0.11541926547878299,0.014659888566747832,168.37924426601072,1370242.885983987,1374150.6262169345,0.5250362447410466,19.18856140876077,0.0003182566090376074,0.0,0.06324026011676254,0.02013,11625.60128882746,-29704990.85826271,132587847507206.84,-1060927358.4228505,93791501780.36964
0.3542518320602457,89.0979130993783,676.3855168089602,8608840.651094254,0.1314776747079687,0.01724811308787999,157.81615213289606,1370181.407157682,1374150.6262170144,0.5645677701250089,19.17958750856426,0.0003182566090376074,0.0,0.06324026011676254,0.02013,11893.325288080105,-27669433.323658857,141753675458078.5,-1267120051.768323,112897752258.93378
0.370087013831267,89.91567994153559,669.9477223819017,8521663.3335515,0.14663439050765428,0.0199984874755792,149.45558766161514,1370108.2114674428,1374150.626217117,0.6016214003662088,19.171397806447448,0.0003182566090376074,0.0,0.06324026011676254,0.02013,12213.494426040215,-25626061.3697393,151825235779358.38,-1487956733.4713492,133790641413.6626
0.3846422332413189,90.86506149824756,662.6931562351319,8428637.194112267,0.16079313149084565,0.022920387331002105,142.73560875097402,1370022.396516708,1374150.6262172482,0.6365970082264247,19.164029978979226,0.0003182566090376074,0.0,0.06324026011676254,0.02013,12591.158367718186,-23582946.98951734,162868613335528.88,-1724880598.0627637,156731381620.10703
0.3977633363070502,91.93974692871674,654.7271003425927,8330562.452271657,0.17374411749899635,0.025987483693930575,137.3312929910124,1369924.1676847436,1374150.6262174018,0.669474122949776,19.157597859223653,0.0003182566090376074,0.0,0.06324026011676254,0.02013,13026.721361369498,-21568519.558135126,174821078532669.06,-1976736947.00207,181740694652.0145
0.4094497754072312,93.13696168150572,646.1270648673724,8227703.828800026,0.18543515362858914,0.02919061681793049,132.9603871235116,1369813.379401945,1374150.6262175762,0.7004865411153437,19.15214541350126,0.0003182566090376074,0.0,0.06324026011676254,0.02013,13522.29334707829,-19593370.898933012,187685973120929.53,-2243976520.9614472,208997155246.9849
0.4197833179270119,94.4597905683112,636.9303428412007,8119790.129419393,0.1959054107399553,0.032537448069573115,129.39584513818846,1369689.3002006703,1374150.6262177748,0.7300063650995343,19.14768826452368,0.0003182566090376074,0.0,0.06324026011676254,0.02013,14082.80434768048,-17654828.308716208,201541622535581.84,-2528689568.047294,238859487010.02075
0.4287720203604448,95.89998631174956,627.2535499756626,8007460.723526111,0.20512631246579952,0.036007540285243965,126.49512665545575,1369552.222530694,1374150.6262179909,0.7581318652137449,19.144282939582734,0.0003182566090376074,0.0,0.06324026011676254,0.02013,14708.748170709749,-15764286.46095731,216357533613944.47,-2830793475.334148,271473055535.9347
0.4364905205928316,97.4539050738124,617.1770194471201,7890924.637813814,0.21314111424346485,0.039594098707418916,124.13235970001308,1369401.9944111544,1374150.6262182223,0.7850805809969801,19.141960878982196,0.0003182566090376074,0.0,0.06324026011676254,0.02013,15402.732699207882,-13922382.664933478,232162533269947.06,-3151497716.895419,307125759342.66266
0.4430285486997323,99.11992623327994,606.7651966539137,7770237.628894668,0.22001302816148072,0.04329523901504211,122.20673888109627,1369238.2463302235,1374150.6262184689,0.8110839642789327,19.14075496214582,0.0003182566090376074,0.0,0.06324026011676254,0.02013,16168.509787690451,-12125880.938695073,249013357949026.12,-3492622130.421405,346188447928.0907
0.44847224033682065,100.89630408236398,596.0810161938723,7645479.399320822,0.2258051410719251,0.04710850958977916,120.63972349552807,1369060.5941299906,1374150.626218731,0.8363439600067059,19.14070720276536,0.0003182566090376074,0.0,0.06324026011676254,0.02013,17010.059819600596,-10371122.199939802,266972269558168.0,-3856140661.910867,389070340808.5271
0.45291118926615725,102.78463163936873,585.16558754713,7516517.986682744,0.2305872403918763,0.05103808893922075,119.36673167691794,1368868.2859683915,1374150.6262190118,0.861082733818742,19.141871352484177,0.0003182566090376074,0.0,0.06324026011676254,0.02013,17933.292997444347,-8651068.708138544,286142792997298.2,-4244914386.366025,436311961543.2888
0.4564111106552437,104.77787712285307,574.1066392520353,7383823.059834535,0.2344057592683524,0.055070036767142276,118.34067718786915,1368661.424452121,1374150.6262193068,0.8853919008466992,19.144304595767913,0.0003182566090376074,0.0,0.06324026011676254,0.02013,18940.173027771918,-6966173.736631804,306548966619415.44,-4660251844.765184,488291295152.3559
0.45905783135190403,106.88118974082576,562.9199614260822,7247058.221499605,0.23733097333994319,0.059215164437089,117.516243041935,1368438.8318594156,1374150.6262196228,0.909501418477834,19.148085580751797,0.0003182566090376074,0.0,0.06324026011676254,0.02013,20039.025306609557,-5306010.951925075,328348392033819.56,-5106248354.956047,545761899289.8366
0.46091618234391313,109.09157760237906,551.6642763624376,7106449.106059,0.23941215809649022,0.06346743478008476,116.8596321515895,1368200.1400680717,1374150.6262199597,0.9335266215870527,19.153295762617958,0.0003182566090376074,0.0,0.06324026011676254,0.02013,21234.432836380132,-3667074.1623800336,351626503736410.0,-5585620997.030645,609344206455.0465
0.4620494705354491,111.40363733182295,540.4046054698551,6962370.309488688,0.24069844666194473,0.0678166280942104,116.34186398161407,1367945.2410149341,1374150.6262203143,0.9575541728421033,19.160014944123745,0.0003182566090376074,0.0,0.06324026011676254,0.02013,22529.746033201696,-2046869.5646913217,376453515764055.56,-6100854648.746024,679657398703.0681
0.46252235803772873,113.82028316757048,529.1609128414472,6814682.6113905795,0.24124224068497518,0.07226834267936047,115.93588132825651,1367673.0977905197,1374150.6262206926,0.9817519982903653,19.168355259761988,0.0003182566090376074,0.0,0.06324026011676254,0.02013,23933.139042400773,-436653.9608115349,403001529526276.4,-6656648740.029805,757661644537.2437
0.4625442702612475,114.49497553559986,526.1129879203612,6773938.918322204,0.24126768996088,0.0734956010038635,115.84184637505705,1367596.0764970186,1374150.6262084674,0.9883731925758809,19.170916824486717,0.0003182566090376074,0.0,0.06324026011676254,0.02013,24334.028761150992,-0.9597435788164512,410532504974092.25,-6815254724.226124,780312422919.1515
